ID;DISP_HTML
1111;"<html><body><img src=""data:image/jpeg;base64,/9j/4AAQSkZJRgABAQAAAQABAAD//gA+Q1JFQVRPUjogZ2QtanBlZyB2MS4wICh1
c2luZyBJSkcgSlBFRyB2NjIpLCBkZWZhdWx0IHF1YWxpdHkK/9sAQwAIBgYHBgUI
BwcHCQkICgwUDQwLCwwZEhMPFB0aHx4dGhwcICQuJyAiLCMcHCg3KSwwMTQ0NB8n
OT04MjwuMzQy/9sAQwEJCQkMCwwYDQ0YMiEcITIyMjIyMjIyMjIyMjIyMjIyMjIy
MjIyMjIyMjIyMjIyMjIyMjIyMjIyMjIyMjIyMjIy/8AAEQgDUANSAwEiAAIRAQMR
Af/EAB8AAAEFAQEBAQEBAAAAAAAAAAABAgMEBQYHCAkKC//EALUQAAIBAwMCBAMF
BQQEAAABfQECAwAEEQUSITFBBhNRYQcicRQygZGhCCNCscEVUtHwJDNicoIJChYX
GBkaJSYnKCkqNDU2Nzg5OkNERUZHSElKU1RVVldYWVpjZGVmZ2hpanN0dXZ3eHl6
g4SFhoeIiYqSk5SVlpeYmZqio6Slpqeoqaqys7S1tre4ubrCw8TFxsfIycrS09TV
1tfY2drh4uPk5ebn6Onq8fLz9PX29/j5+v/EAB8BAAMBAQEBAQEBAQEAAAAAAAAB
AgMEBQYHCAkKC//EALURAAIBAgQEAwQHBQQEAAECdwABAgMRBAUhMQYSQVEHYXET
IjKBCBRCkaGxwQkjM1LwFWJy0QoWJDThJfEXGBkaJicoKSo1Njc4OTpDREVGR0hJ
SlNUVVZXWFlaY2RlZmdoaWpzdHV2d3h5eoKDhIWGh4iJipKTlJWWl5iZmqKjpKWm
p6ipqrKztLW2t7i5usLDxMXGx8jJytLT1NXW19jZ2uLj5OXm5+jp6vLz9PX29/j5
+v/aAAwDAQACEQMRAD8A9zooooAM0UUUAFGaKKADNFFFABRRRQAUZopKAFzRmiig
AzRmikoAXNGaKSgBc0ZpKKAFzRmkpaADNGaSigBc0ZpKKAFzRmkooAXNGaSigBc0
ZpKKAFzRSUtABmjNJRQAuaM0lFAC5ozRSUALmjNJRQAuaM0UUAFFFFABRRRQAUUU
UAFFFFABRRRQAUUUUAFFFFABRRRQAUUUUAFFFFABRRRQAUUUUAFFFFABRRRQAUUU
UAFFFFABRRRQAUUUUAFFFFABRRRQAUUUUAFFFFABRRRQAUUUUAFFFFABRRRQAUUU
UAFFFFABRRRQAUUUUAFFFFABRRRQAlFFFABRRRQAUUUUAFFFFABRRRQAUUUUAFFF
FABRRRQAUUUUAFFFJQAtFFFABRRRQAUUUUAFFFFABRRRQAUUUUAFFFFABRRRQAUU
UUAFFFFABRRRQAUUUUAFFFFABRRRQAUUUUAFHNFFABRRRQAUUUUAFFFFABRRRQAU
UUUAFFFFABRRRQAUUUUAFFFFABRRRQAUUUUAFFFFABRRRQAUc0UUAFFFFABRRRQA
UUUUAFFFFABRRRQAUUUUAHNFFFABRzRRQAUUUUAHNFFFABRRRQAUUUUAFFFFABzR
RRQAlFFJQAtFJRQAtFJRQAtFJRQAtFJRQAtFJRQAtFJRQAtFJRQAtFJmigBaKSig
BaKSigBaKSigBaKSigBaKSigBaKSigBaKSigBaKSigBaKSigBaKSigBaKSigBaKS
igBaKSigBaKKKACiiigAooooAKKSloAKKSloAKKM0lAC0UUlAC0UUlAC0UUUAFFF
FABRRRQAUUUUAFFFFABRSZooAWiikoAWiiigAooooAKKSloAKKKKACiiigAoozSU
ALRRRQAUUUUAFFFGaACiiigAooooAKKKKACiijNABRRRQAUUZooAKKKM0AFFFFAC
UUmaM0ALRSZozQAtFJmjNAC0UmaM0ALRSZozQAtJRmjNABRRmjNABS0maM0AFFGa
M0AFFGaM0AFFGaM0ALSUZozQAUUZozQAUtJmjNABS0maM0AFFGaM0AFLSZozQAtJ
RmjNAC0lGaM0ALSUZozQAUtJmjNAC0lGaM0ALSUZooAWikooAWikooAKWkooAWik
zRQAtFJmigBaKSigBaKTNGaAClpKM0ALSUZooAWikozQAtFJRQAtFJRQAUtJRQAt
JRRQAtFJmjNAC0UlFABS0lGaAFopM0UALRSUZoAKWkooAWikzRmgBaKSigBaKSjN
AC0UlGaAFopM0UALRSZozQAtFJRQAtFJRQAtFJRQAtFJmjNAC0UlFABRSZozQAtF
JmjNAC0UmaM0AFFFFABRRRQAUUUUAFFFFABRRRQAUUUUAFFFFABRRRQAUUUUAFFF
FABRRRQAUUUUAFFFFABS0lFABRRRQAUUUUAFFFFABRRRQAUUUUALRSUZoAWikzS0
AFFJmjNAC0UmaM0ALRSZozQAtFJmjNAC0UmaKAFopM0UALRSZooAWikzRmgBaKTN
FAC0UmaM0ALRSUuaACikozQAtFGaSgBaKTNGaAFopM0ZoAWikozQAtFJmjNAC0Ul
GaAFopM0ZoAWikzRQAtFJmjNAC0UmaM0ALRRmkzQAtFJmjNAC0UmaM0ALRRmkzQA
tFJmjNAC0UZpM0ALRSZozQAtFGaKAEopM0UALRSUZoAKWkzRmgBaKTNGaAFopKM0
ALRSZozQAtFJmjNAC0UmaM0ALRSZozQAtFJmjNAC0UlFAC0UlGaAFopM0UALRSZo
zQAtFJRQAtFJRmgBaKTNGaAFopKKAFopM0ZoAWikzRmgBaKTNFAC0UlGaAFopM0Z
oAWikzRmgBaKTNGaAFopM0ZoAWikzRmgBaKTNGaAFopM0ZoAWikzRmgBaKTNGaAF
opM0ZoAWikzRmgBaKTNGaAFopM0ZoAWikzRmgBaKTNGaAFopM0ZoAWikzRmgBaKT
NGaAFopM0ZoAWikzRmgBaKTNGaAFopM0ZoAWikzRmgBaKTNGaAFopM0ZoAWikzRm
gBaKTNGaAFopM0ZoAWikzRmgBaKTNGaAFopM0ZoAWikzRQAUUlFAC0UlFAC0U2lo
AWikooAWikooAWikooAWikooAWikooAWikooAWikooAWikooAWikooAWikooAWik
ooAWikooAWikooAWikooAWikooAKWkooAWkoooDcjnuYLVQ9xNHEpOAZHCgn05p6
uroHRg6MMqynII9q8m+PwDeFtIBGR/aK8Ef7D1xvh/xprvhqSNba9luLMFQbW4cu
u0DAVCc+WMdlHYVLnyuxvSoTqpuPQ+jaK5fw3490PxM4gtJpILw5ItbgBZNox82A
SMc+tdPmqTuYuLjpIKWm0tAgpaSigApaSigBaKSigBaSiigBaKSigBaKSigBaSii
gBaKSigApaSigApaSigAooooAWikooAWkoooAKWkooAKWkooAWkoooAWkoooAWik
ooAWikooAWikooAWkoooAWkoooAKKKKAFpKKSgB1JRRQAUUUUAFFFFAC0lFFAC0l
FFABRRRQAUUlFAC0UmaM0ALRSUUALRSUUALRSUUALRSUUALRSUUALRSUUALRSUUA
LRSUUALRSUUALRSUUALRSUUALRSUUALRSUUALRSUUALRSUUALRSUUALRSUUALRSU
UALRSUUAeT/H3/kV9I/7CK/+gPXl/wClen/Hz/kV9I/7CK/+gPXl9c9c9fK9mORp
I5UlikeKaNg8ciHDIw6EHsfevQvDHxWudLt47LXYJ7yFc/6cjlpcY4Upj5jnPzbh
16cV53RWMKjidtbCwrLXc+oNO1G11XT4b6ymSW2mXcjqcg9iPwOR+FWa+ZdE1rUP
Deom/wBKkRJipV0lBaOQejKCDx1GCOQK9n8I/ETTvERgsbg/ZdXKEvCwKo5H9xjw
SR820EkDPoa6oVFLY8WvhJ0fNHaUUn4/jRWhyi0UlFAC0UlFAC0UlFAC0UlFAC0U
lFAC0UlFAC0UlFAC0UlFAC0UlFAC0UlFAC0UlFAC0UlFAC0UlFAC0UlFAC0UlFAC
0UlFAC0UlFABS0lFAC0UlFAC0UlFAC0UlFAC0lFFAC0lFFAC0lFFAC0UlFAC0UlF
AC0UlFAC0UlFAC0UlFAC0UlFACZooooAM0ZoooAM0ZoooAKKKKADNFFFABmiiigA
ooooAKKKKACiiigAooooAKM0UUAFFFFABRRRQAZooooAM0UUUAFFFFABRRRQAZoo
ooAKKKKACjNFFAHk/wAe+fC+kf8AYRX/ANAevMK9Y+Odp5/gy1uPOjQWt4spVs5k
4K4XA6855x0NeSRSCWFJAOHUMM+hrmrnr5b1Q+iiiuc9UKAWRleNmSRDuVlOCD9a
KDRewNKWjPRfC3xVubELaeI/Mu4y/F8qDdGp671Uc9sbRmvXLW8tr2LzbS4hnjzj
fE4cZ9Mivl71/Wtjw14p1LwlPI+miOSCUfvLWUkRluzDH3Tz269+grphW6M8nE5f
9qmfR9Gaw/DfinTvE2nJc2sgSXJSSCQgOjAAkY78EHIyK3K6DymmnZhmiikoELRR
RQAUUUUAFFFFABmjNFFABRRRQAUUUUAGaKKKACiiigAooooAKKKKACiiigAooooA
KKKKACjNFFABRRRQAUUUUAFGaKKACiiigAozRRQAUZoooAM0UUUAGaKKKACiiigA
zRRRQAUZoooAM0UUUAGaM0UUAFFFFACZozSUUALmjNJRQAuaM0lFAC0ZpKKAFzRm
kooAXNGaSigBc0uabRQAuaM0lFAC0UlFAC0ZpKKAFzRmkooAWikooAWikooAWiko
oAWjNJRQAtFJRzQAtGaTmigBaKSigBaKSigBaM0lFAHmfxzP/FBj/r4X+tePWP8A
x4W3/XJf5CvbPi/bR3fhSOGXOwz8446Kx/pXh2lSNJp0Rb+EbRx2HFc1XW57GA0a
fdF2iiiuc9UKKKKBBSUtFAD7Weaxv4b+zlMF5CQY5UOCPY+oPcdCCRXtfg/4j2Xi
CW3028jktdUZDnIHlykZPyHOSdozjAxz6V4jzSY5BGQwIYEdQQcgj3zWtOo4nHic
JGqrrc+p88cZ5oryHwJ8RJbaddL8QXTSwuSYr6Z8sjE/dkJ7cnDcYwBjmvXR9K64
yUldHh1acqcuWQtFJRTMxc0ZpKKAHZpM0lFAC5ozSUUALmjNJRQAuaM0lFAC5ozS
UUALRmkooAWjNJRQA7NJmk5ooAXNGaSigBaM0lHNAC5ozSUUALmjNJzRQAuaM0lF
AC5ozSUUALmlzTaKAFzRSUUALS5ptFAC5ozSUUALmjNJRQAuaM0lFAC0ZpKKAHZp
M0lFAC0ZpKKAFozSUUALmjNJRQA7NFNooAM0ZoooAM0ZoooAM0UUUAFFFFABmjNF
FABRmiigAzRmkpaADNFJRQAuaM0lFAC5ozSUUALmjNJRQAuaM0lFAC5ozRRQAZoz
RRQAZozRRQAZozRRQAUZoooAM0ZoooAM0ZoooAM0UUUAcL8Ul8zQLZM43T4z/wAB
avA9KPli4tDy1vKyFvXk/wCFe/8AxNx/Ytmf+nnv/utXgccZtNcvoGILSt5wYdgT
nH61y1NW0e3hlalTn5svUlH+NLWB6IlLRRQMKKKKBCUtFFAxCAQQRxXWeCPGsvhS
f7LclpdIlOXXBZ4T/eXHJB5yMEnjGO/KUmKqM3F6GFahCqrSR9O2Wo2WpQGewvLe
6hBK+ZBKrqCO2QevNWc185+F/E174U1EXFqC9q5AuLbjEij09GwTg8A984r33R9Y
sde02K+0+cTQv35BU9wQeQa7I1OdHg18PKi7PYv0UUVZzhRmikoAWiiigAooooAM
0UUUAFGaKKACiiigAooooAKKKKACiiigAopKWgAooooAM0UUUAFFFFABRmiigAoo
ooAM0UUUAFGaKKADNFFFABRRRQAUUUlAC0ZoooAKKKKACiiigAooooAM0UUUAFFF
FACUUUUAFFFFABRRRQAUUUUAFFFFABRRRQAUUUUAFFFFABRRRQAUUUUAFFFFABRR
RQAUUUUAFFFFABRRRQAUUUUAFFFFABRRRQAUUUUAFFFJQB558Tb1gbKw2Daf327P
OeRj9a8Y1hfsviG3mX5jcoVYHgDGK9e+Jn/IWsf+uJ/9CryvxVCzaclxGn7yKQEu
Byq4OefTpXDKX71o+lpUl9QjJepH/n60tNR0kQOjBlYZBFOqGrG0XdXCiiigoKKK
KBBRRRQAUUUUAGcVpaL4h1bw5cNLpd0Yldg0sLAMkuPUHOCcY3DnH0rNo6U4ycXo
RUpRqK0j6G8K+KrLxVpguLcmO4T5Z7dvvRt/UHqD6EdDxW9XzNpWq3uh6lFqGnym
OdOCM8SL3VvUfXocHtXvnhbxRZ+KdMFzbgx3EeFuLcnJif8AqODg9x2FdkJqW54G
JwsqMvI3aKKK01ucoUUUUAFFFFABRRRQAUUUUAFFFFABRRRQAUUUUAFFFFABRRRQ
AUUUUAFFFFABRRRQAUUUUAFFFFABRRRQAUUUUAFFFFABRRRQAUUUUAFFFFABRRRQ
AUUUUAFFFFABRRRQAUUUUAJRSZozQAtFJmjNAC0UmaKAFzRSUUALRSUUALRSUUAL
RSUUALRSUUALRSUUALRSUUALRSUUALRSUUALRSUUALRSUUALRSUUALRSUUALRSUU
ALRSUUALRSUUALRSUUAeafEz/kK2X/XA/wDoVef6ha/bdPntg2wyLjdjOK7n4jXc
U+uxQRsTJBFtk4PBPzD68EVyAAK4IGPrXm1Xapc+xwML4OMX1RyOlS+bp0QwRsGz
r6d6uVSijNjq93ZsNiM3mQoOgXJ/+tV6rktbnLR+Gz6BRRRUmoUUUUAFFFFABRRR
QAUUUUAH8+9W9L1O80TU49RsJRFcRjbyMh1OCVYdwcA/UCqlH4U02ncmcFNWZ9De
FvFVl4q043FviO4jwLi2LZaFj/MHBwcDOK3a+Z9M1W90TUY9R06VUuI/7wJWQf3W
HcfkfevevC3iqx8Uad9ot8RXEZxPbMfnjP8AUeh6HB9K7IVOZHgYnDSoy8jeopKM
1ocgtFJRmgBaKTNGaAFopM0ZoAWikzRmgBaKTNGaAFopM0ZoAWikzRmgBaKTNGaA
FopM0ZoAWikzRmgBaKTNGaAFopM0ZoAWikzRmgBaKTNGaAFopM0ZoAWikzRmgBaK
TNGaAFopM0ZoAWikzRmgBaKTNGaAFopM0ZoAWikzRmgBaKTNGaAFopM0UAJRRRmg
BaKTNGaAClpKM0ALRSZozQAtFJmjNAC0UmaM0ALRSZozQAtFJmjNAC0UmaM0ALRS
ZozQAtFJmjNAC0UmaM0ALRSZozQAtFJmjNAC0UmaM0ALRSZozQAtFJmjNAC0UmaM
0ALRSZozQAtFJmigDx3xt/yOV9/2z/8ARa1hCt3xtx4wvj/1z/8AQFrDHXmvJq/G
z7nBfwI+hzPiRPs+qafcxrtaQlJXPI2/LgH06mnfy9fWtPXbBtQ0mSGPPmL86gD7
xHasWyuBc2yycbuhUdj6VtF80Ezhqx9nXkuj1LFFFFIYUUUUAFFFFABRRRQAUUUU
AFFFJQMWrelare6JqUWoafN5c8ZGQeVkXurD0PI9RnjFVKSnFuJE4RnHlkfQvhbx
VZeKdNE9udlwnyz27fejb+oPByMjnHXNb1fOfhrxBc+F9aGo26eYjqI7iLvJH149
CDyOmSMGvfNH1mz17TItQsZd8Mg6H7ykHBB9wQRXbCakj57E4d0ZW6GhRSZozVnM
FFGaM0AFFGaM0ALRSZozQAtJRmjNAC0lGaM0ALRSUZoAKKM0ZoAWkozRmgBaKTNG
aAFopM0ZoAWkozRmgAoozRmgApaTNGaAFopM0ZoAWikzRmgBaKTNFAC0lGaM0ALR
SZozQAtJRmjNAC0UmaM0ALSUZozQAtJRmjNAC0UmaKACikzRmgBaKTNGaAFopM0Z
oAWikooAWkoooAKWkooAWikzRQAtFJRQAtFJRQAtFJRQAtJRRmgBaKSigBaKSigB
aKSigBaSiigBaSiigBaKSigApaSigBaKSigBaKTNGaBrc8T8R3p1DxHe3BTyyZNm
N2fugLnP4VnCp9S/5Ct5/wBd3/8AQjUArx5v3j7zDx5aUUh1cZFEbDV7qywUiJ3w
hurA9/0rs+prnPEtu0Fxb6on/LMiOUk5G3PYevJrSi9eU5swpvlVRdPyG0UisGUM
Oh5pas5076oKKKKACiiigAooooAKKKKACiiigAooooAStjw14lvPCuqC6tiXtpWA
uLcthXBwN3sR1zjoMd6x6WqjJxd0Z1aUasXGR9OW9xFd20VzbyLJBKgeN1PDqRkE
e2Klrwbwb42l8KTmC63S6TIcun8ULE53r9ecjvkcjFe8Z9a7YyUkfO1qMqMrMWik
oqjEKWkzRQAtFJRQAtFJRQAtJRRQAtFJRQAtFJRmgBaSiigBaKSigBaKSigBaKSj
NAC0UlFAC0UlGaAFpKKKAClpKKAFpKKKAFpKKKAFopKKAFopKKAFpKKKAFopKM0A
FFFGaACiiigAopKKAFopKKAFopKKAFopKKAFopKKAFopKKAFopKKAFopKKAFopKK
AFopKKAFopKM0ALRSZooAWikooAWikooAWikooAWikooAWikooAWikooAWikooAW
o5pkggkmkOEjUuxxnAHJ4p9UtX/5A19/17yf+gmk9mXTXNJI8VvJUnv7mWM5R5WZ
TjsSTUQpi9KkHSvHlufe01aKQuMmq1/aLf2Etu4HzqQpPY9j+BqyKKE7MucFNOL6
nHafI5ja3myJoSVbdwT6HFXKh1iA6frwuz/qbsBWY9mA4Axz2H51LXVLXXueJSvG
9OW6Clooqd9TQKKKKACiiigAooooAKKKKACiiigAooooGIQCMHGPevSfhr4ynS7i
8O6hIrQsv+iTOwBQjjyyT1zkbR14Oc15vSY6HLAjkFTgg+oI5Bq4T5Wc2JoKrDzP
qGiuG+HXi+TXtPks9TuUbU7d8AY2tLFgYfgYzncMD05HNdxXandXPnZRcXysWiko
pki0UlFAC0UlFAC0UlFAC0UlFAC0UlFAC0UmaKAFopKKAFopKKAFopKKAFopKKAF
opKKAFopKM0ALRSUUALRSUUALRSUUALRSUZoAWikooAWikooAWikooAWikooAWik
ooAKKSigBaKSigBaKSigBaKSigBaKSigBaKSigBaKSigBaKSigBaKSigBaKSigAp
aSigBaKSigBaKSigBaKSigBaKSigBaKSigBaKSigBaKSigBaKSigBazdeuIrXQr2
WZwi+SyZPqwwB+ZFaNc744/5FK8+sf8A6GtRPSLZvhlzVox7s8kXpTwKatPFeSfe
QSSsLQKKWkXvuUNYsBqGmyw4/eAbkIAJBHPH5YrnbCdpbYLINssZKSL6Ecc12Pau
Sv4FsfEEhztjuRlI1HGcDJPvkGt6LunFnl46HLNVV6Mmoo/yaKoxCiiigAooooAK
KKKACiiigAooooAKKKKACiiigZLaXU+n6hbX1qzLPbSrIuGK7gDkqSOcMBg+xr6A
8M+JLPxPpQvLXcjqdk0T/ejf0P4YI9iK+eu2e1b/AIN8SSeGdehkknddMnYi8jAy
PukK4GcAg7cn0BrelUtozzcdhudc8dz6AoqKGeO4ginhcSRSqHRlPDAjIP0qSuo8
TqLRSUUALRSUUALSUUUALRSUUALRSUUALRSUUALRSUUALRSUUALRSUUALRSUUALR
SUUALSUUUAFFFFAC0UlFABRRRQAUUUUALRSUUAFFFFAC0UlFABRRRQAUUUUAJRmi
igAooooAKKKKACiiigAooooAKWkooAKWkooAKKKMUALSUYooAWkoooAWikooAWik
ooAXNFJRQAtGaSigBaKSjFAC0UmKKAFopKKAFzRSUUALmikxRQAVyfxBvRb6ALbY
WNy4AbP3dpDf0rrK4f4k/wDHhY/9dW/lWVZ2gzty+KliInni08daatOFeUfbqw6i
iikUFZutaaNTsfL3FXjPmIQM8itKkNVFuLujOrTVSLi+pyFlctcQnzE2TIdsiHqD
7jtVmodVt/7N1oXC8W93ndjor+pJ9ealrql3XU8aF03CW6FoooqSwopKWgAoopKA
FoopKAFooooAKKKKACiikoGLQef8KKSgW56R8K/Ewhk/4Rq4ESQ7XmtpWbaWYtkx
8/ePzMRjsvTvXq9fMB3BlZGKupDKQcYIOa998HeJV8UaIt06Rx3UbGOeJW6MONwG
chTgkZ7V2Up3Vjwcbh/Zy5lsdDRRRWpwi0lFFABS0lFABRRRQAUUUYoAWkoooAKK
KKAClpKKACiiigAooxRigAoooxQAtFJRigAooooAKKKKACiiigAooxRQAUUUUAFL
SUUALSUUUAFFFFAC0UmKKACkoooAKKKKACiiigAooooAKKKKAClpKKACiiigBaSi
igAooooAWkoooAKWkooAKWkooAKKKKAFpKKKAFpKKKAFopKKAClpKKACiiigApaS
igAzXnHxHuZjqdralv3Ih8zZgfeJYZz16AV6PXl/xAnim8QRJG6s0UARwOxyTj8i
K58S/wB2eplEebEo5YU8U0U4V5rPsULRRS0hiUd6DSU+gFPU9Ph1Oza3mzjO5SOC
GrmrG4lkWSK4wtxC22Rf88etdjXMa9a/YLoarH/q2+SaNeMns3uevWt6UrrkZ5mO
pOL9tH5i0UikMoYHgjIpe2aowWqCiiigAooooAKKKKACiiigAooooAKKSigYtFRP
MiZ7moGmaQdcCmkQ5pbFhpVXvk+1dF8O9Y/szxxaiTzTFeobXbGeN7EFWYd8AN78
1ya1f0aG+m1qwXTJYYr9Zw0DzfcV+xPB4/CtKfus5MSnOm0fTlJSUtdh4AtJRRQA
tJRRQAUUUUAFFFFABRRRQAtJRRQAUtJRQAUUUUAFFFFABS0lFAC0lFFAC0UlFABR
RRQAtFJRQAUUUUALRSUUAFLSUUALSUUUAFFFFAC0UlFACUZpKWgAzRmiigAzRmii
gAooooAM0UUUAGaKKKADNGaKKACiiigAzRmiigBc0lFFABmjNFFABS5pKKADNGaK
KADNGaKKACjNFFABmjNFFABmjNFFABRmiigAzRmiigAzXj/iz/katQP+2M/98ivY
K8OvppbnULiaZy8jSHLHrwcCuTFP3bHuZHBupKXYhA4p1IKdXnn1KClo7UUFBSUt
JQISoriBLi3kgkzskUq2Dzg1LSU0+pMopqz2OOhR7G9k02X+DmJyu0uv0/OrlaGu
acb20EkZPnW+ZIwBncRzj36Vj2lx9qt1cja4yGXPIPvXVfmXMjxXB0Z+zfyLFFFF
IoKKKKBhRSU0yIOdy/nQK6HfjRUTXKDpk1G10xPAH407EuokWvrTGlRActVMyO3B
bimU+Uh1exZa6/ur+NQvK79TTKXFVYzc2wApwFAFPAoBIB0p2PbJ64pAKf2x2NLq
Va8T6a06/h1TTbe+t93kzoHTcMHB9qtVwvwr1Brvwp5EtwHmt5SgjJG6NMDaCOw6
/ka7n+VdkXdHz1WPLNoM0ZooqjMKM0UUAFFFFABmiiigAzRRRQAUUUUAGaM0UUAG
aM0UUAGaM0UUAGaM0UUALmkzRRQAZpc0lFAC5pM0UUALmkzRRQAtJmiigAzS0lFA
C5ozSUUALmkzRRQAZooooAXNFJRQAmaM0UUAFGaKKADNGaSloAM0UUUAGaM0UUAF
FFFABmiiigAzRRRQAUUUUAFFFFABRRRQAUUUUAGaKKKACiiigAozRRQAZooooAKM
0UUAFFFFABRRRQBBe3S2VjcXTqWWCNpCB1IUZ/pXiMj+ZM8mCNzFhn3Nev8AiW5i
tvDl+0rhA8DxqSM5YqQB+dePLXDi3qkfS5HC0ZS7jhThTRThXGfQoWiiikMKSlpK
BCGkxTqSgGJiuNaezS+uvsAk2b/m3fdzgZx3rc1/UvsNkIkUma4BROfu54ycVzUE
IhiC53E8lvU110VaN2eNjqylVUF0Lf2p/QUfan/uqagpaqxy88u5IZ5CfvYpplkI
wW4plFMXMxcn1NJS0lAtQopaKYBRRRikAYpwFAHNOxzQUkAFOxQBTqTKSFApccig
Clx1pFHe/CPUkt9evrBo2L3aBlYHgbM5z/31Xsea+ffBGovpvjXT2SNW+0Otuc9g
5AJr6C+nSuuk7o8XHRtVuGaM0UVocQZozRRQAZozRRQAZozRRQAZozRRQAZozRRQ
AZozRRQAZozRRQAZozRRQAZozRRQAZozRRQAZozRRQAZozRRQAZooooAM0ZoooAM
0ZoooAM0ZoooAM0UUUAFGaKKADNFFFACUUUUAGaM0UUAFGaKKADNFFFABRmiigAz
RmiigAzRmiigAzRmiigAzRmiigAzRmiigAzRmiigAzRmiigAzRmiigAozRRQAZoz
RRQAZozRRQAZozRRQAZozRRQAZooo/pQBzXjv/kWJR/00T+deXKMc16B8RppEtLG
FXIjkZ96g8NjGMiuAXpXm4l3mfXZNHlw44U6kFL3rmPYQUtFFAxKQ0ppKACgLnno
M9aUAk+1c94qv2WGPToHIlnPzlW5Vfcehyfyq4R5nYwxFZUabmzFurr+1NXlvOfL
j/dRAjBAHr+ZpaREVECqAAOwp1dj7I+einrJ7sSlpKKChaKSigBaSlooAKKXFLig
dhMcClxzS4pQOKQ0gAzTgKAKdSKSACloAp2KRSQCnYpAKdikWkQtJJb3EVxDI8cq
HcjoSGUjoQR0r6X0y7ivtMtrmCYSxyRghwfvev6180XIOFNe4fDHUv7Q8Gwx+V5f
2ORrfO7O/ADZxjj72Me1dFFnl5hDTmOyzRRRXQeSGaM0UUAGaM0UUAGaM0UUAGaM
0UUAGaM0UUAGaM0UUAGaM0UUAGaM0UUAGaM0UUAGaM0UUAGaM0UUAGaM0UUAGaM0
UUAGaM0UUAGaM0UUAGaM0UUAGaM0UUAGaM0UUAGaKKKAEopKKAFopKKAFopKM0AL
RmkzRmgBaKTNGaAFopM0ZoAWikzRmgBaKTNGaAFopM0ZoAWikzRmgBaKTNGaAFop
M0ZoAWikzRmgBaKTNGaAFopM0ZoAWikzRmgBaKTNGaAFopM0ZoAWj370maM0B1PN
/iBNIdbhgLkxLCHVewJJz/IVyora8XXj3niO4DqoEH7pcdwMnn86xlryazvNn3OA
hy4eKFFLSCnVkdwUUUUDEoxk4oxTgMUCIri4js7Z5pWwkYy3fiuFaV7+9kv5R/rO
I1JyVX0zWr4rvfPmh0uJuc75cZBUdvY9azgAAMDFdlKPLG/c8LG1va1eRbR/MSil
xRVHNYSlxSgUYoCwlLijFOIoHYbjilxzSgUuOKB2EApQOlLjpSgc0h2DFKBRjilA
oKsGKXHNLjmlpDsAFKBSilpFWAUoox0pRQUiK4/1J9zXpfwe1CZotR00qnkownBw
dxZsKeemMKO1ebTLuib255rpvhhqEln4vhg89YoLlGWQNjDYUlRk+/pWtJ2ZxY2F
4M92opM0ZrrPBFopM0ZoAWikzRmgBaKTNGaAFozSZozQAtFJmjNAC0UmaM0ALRSZ
ozQAtFJmjNAC5opM0ZoAWikzRmgBaKSigBaKSjNAC0ZpM0ZoAWikooAWikozQAtF
JmigBaM0maM0ALRmkooAWikzRQAUUUUAFJRRQAUtJRQAUUUUALSUUUAFLSUtABRS
UtABRSUtABRRRQAUUUUAFFFJQAtFFFABRRRQAUUUUAFFFJQAtFFFABRRRQAUUUUA
FH15oqpqd7/Z+m3N2E3+TGX25xnHvSb0uVCLlJI8ev7xr/UJ7t1CNK5YqOlRCmDk
nPBzTxXjyd2foFKPLFIcKWkpwqTUTtRS0UDAVDd3MdpayTyMFRBkk1NXLeKbw3E0
emRMV5DzEHoPQj05Bq6ceaRzYut7Gk31MeBpLmaW9mB8ydiwBOdq5yAPap8UoUKo
UYAHGBTsdK7GzwYxstdxuKMU7FFIqw3FLS4pcUgsNxS0uOaXHFA7CYpQKWlAoHYQ
Cl7UoFLikVYSlAoA5pwFA0JTsc0YpRSKsApaBS0hhjpS0UtA0MkH7p/pTdGnjttd
0+eZgsUVzG7sewDAk1Iw3IwHcVndzVw3MK6vofUsUiTQpJGwaN1DKw7g80+sjwzq
EOp+GtPuoA4jaIKA4wfl+U/qDWtXatj5ySs2haSiimSFFFFABRRRmgAooooAWiko
oAKKKKAClpKKACiiigBaSiigBaSiigBaKSigAooooAWikooAWikooAKKKKAFpKKK
ACiiigApaSigAooooASlpKM0ALRSUZoAWikzRQAUUUUALSUUUAFFFFABRRRQAUtJ
RQAtJRRQAUUUUAFFFFAC0UlFABRRRQAtFJRQAUUUUAFFFFABRRRQAUUUUALWD4wv
Psfh2f5N/nfuvvYxkHn9K3c1xfxCu5EtbO0AUxzMzsSOcrjGP++jWVZ2gzswEOfE
RRwSjAFPFMUdKkFeUfcx2FpaSlpFhS0gozSAgvLmO0tJbiQgLGueTjPoPxriLdnu
Zpb2bPmTMSN3VV7D8sVq+KLw3E8OlxNwcPNg5GOuD6dBVIKFAUDAHGK7KceWPqeF
i6vtq3L0j+YnrS4pcdaMVRiJijFOAoxRcLCAUuKMUoHFIdhMc0uKXFFA7AKXtRji
lxzSHYSlpQOaXFA7CAU7FGKXHNA0hMUoFLS0ihMUoFFLigYYopaAKBh3rMYYY/Wt
QDmsx/vGqjuY1j3T4ZX8F14Mt7eMsXtXeOTI6EsWGPXgiuyryz4Qaiuy/wBM8s7s
/aN+eMcLjFepV2Qeh89iI2qMWkooqzAWikooAWikooAWkoooAWikooAWikooAKKK
KACiiigBaKSigBaKSigBaKSigBaKSjNABRRRQAtJRRQAtFJRQAtFJRQAtFJRQAtJ
RRQAtFJRQAlFFFAC0lFJQAtFJS0ALRSUUALRSUUALRSUUAFLSUUALRSUUALRSUUA
LRSUUALRSUUALRSUUALRSUUALRSUUALRSUUALRSUUALRSUUALRSUUALXnHj27eXW
IbYqoWBNykdTuxn+Vejf54ryPxHcy3PiG9MrBvLkaNeOigkAVzYp2hY9jJafNXcn
0MxaeKaKcK84+uQopaKKkoKhu7lLS1luHI2xqW69cDp9amrl/FN0Zri30tCQHxJL
noy54H14NaUoc0rHNi63sqXN1Mq2L3Ekt7NkyzNnJGCB0A/SrOOaUAKoA6DijHSu
pu54kI8q13EpcUuKKRdhMUtL2oxQFgxRilxS4oHYTHFGOKXFKKQ7CYpcUoHNGKB2
AUtGKXFIdgAopaKBhilxRS0DEpwpMU6kMSjFLRQAd6zJeHIrTrPuR++arhuZVl7p
2fwr1BLTxWbZkZnvIjGpXopHzZP4Livbq+cPCuotpXijT7tEWRkl2hCcffBU8/8A
As19HV1UnoeFjY2ncWikpK1OMdRSUUAFLSUUALSUUlADqKSigBaKbRQA6koooAWi
kooAWim0tAC0UlJQA6ikooAWikooAWikpKAHUUlFAC0UlFAC0UlFAC0UlFAC0U2i
gB1FNooAKWm0tAC0lFFABS0lFAC0UlFAC0UlFAC0UlFABS02loAWikooAWikooAW
ikooAKKKKAFopKKAFopKKAFopKKAFopKKAFopKKAFopKKAFopKKAGTEiGQjIYKce
xxXihd5ZGkkcu7HLMxySa9U8WSxx+GrsPIqF1CICcZPXA9ehryoCuHFvVI+lyKn7
kpdx4pwFIKWuI+iQtFFBoGMmkSGN5JGCogyzHoBXDxSPqF5NqEwIMpxErHO1fY+n
JrY8V3jx21tYxkqbtipcHoBjIx3zn9KoRxrEgRBhQMAdq6qUeWF+54uNqe1rci2j
+YvWjFLilxVGI31paXHNAFIYlLS4pcUBYTFGKWlxQOwgFLRjFLSGJilFLRQMSl70
oHNGOaBhijFLilxSAKKXFFAwopaKB2CiiloGJWfdf641o1n3Y/emqjuZVvhG2s/2
a7gnC7vKdX25xnBzivpfTrv7fplreFNnnwpKVBzt3KDjP418xV9F+Er6G/8ACumzQFiqQLESwxyo2n9RXTSetjxsctEzapaSitzzRaKSigApaSigApaSigBaKSigBaKS
igBaSiigAooooAKWkooAWikooAWikooAWkoooAWkoooAWkoooAWikooAWikooAWk
opKAFooooAWikooATNGaKKADNGaKSgBc0ZpKKAFzRmkooAXNGaSigBc0ZpKWgAzR
mkooAXNGaKSgBc0ZpKKAFzRmkooAXNGaSloAM0ZoooAM0ZpKWgAzRmkpaADNGaKS
gBc0ZoooAM0ZoooAM0ZpKWgDj/iBcxDTba13ETNMJQME/KFYf1FcEBXSeOLt5tdF
uVAWBQFI6ncAa5wV5eIlebPtcrp8mHj944UopBTqw6HpBTWIxz0HJpSfyrK8Qai2
n6axjJE8h2R4wSD649KqEeaSRnWqqlTc30Oea4Oq6rNfNzGh8uHHQj1IPfpViobO
2FrbLHxn+IjuanxxXXLc8Kmnbme7DFGKWipNAxRjmlooHYMUYpaBQOwlKKWikAe1
GKWigYUtAFLQFhBS4oxSgUhhijFFLQMSiloxQMAKXHFApaQCUtFFAwrPu/8AWH61
od6oXf3z9aqO5lV+ErV7d8L72CfwilrGxM1tIwkGDxuYkc9+K8Qr1j4QOn2LU496
hzIhC55xg84ropvU8rGK9O56ZRmkpa6TyAzRmiigAzRmiigAzRmiigAzRmiigAzR
miigAzRmiigAzRmiigAzRmiigAzRmiigAzRmkpaADNGaKSgBc0ZoooAM0ZopKAFz
RmiigAzRmikoAXNGaKSgBc0ZopKAFzRRRQAmaKKKADNFFJQAtGaSloAM0ZoooAKM
0UUAGaM0UUAGaKKKADNGaKKACiiigAzRRRQAUZoooAKM0UUAFGaKKADNGaKKADNF
FFABRRRQAZozRRQAUZz0oqrqNwlrptxNJIIwqH5ycYPb9cUnoiqceaSR5ZrlzLda
7eSTNlllZAcdFU4H6CqQppZpHaR2LO5yzsckn604V48ndtn39CHJTURRS0UVNjdh
/P0rj9VmXUfECrGQYrPILju3GQf1rptQu1sbCa5fOIxnjnnoP51yWnRN5b3Mn+tu
W818dDnn+tdFFWTkeVmFTmlGivVlzH60Uf5zS1T7nPYSgDmlpaAEpaKXFAxKXFGK
WgYmKWjFLikOwlGKdRQAdKKKWgYlLRSigYmKWgUtIBKKWjFAwooxS0AJiilooAQ1
Ru/9YavmqN2PnaqjuZ1dinXffCT/AJGu6/68n/8AQ0rga6bwDPLD4009YpWQTOY5
ApxuXBOD6jIB/CtobnnVo3ptHvvfnrRmiius8MKM0UUAGaM0UUAFFFFABmjNFFAB
mjNFFABmjNFFABmjNFFABmjNFFABmjNFFABRmiigAzRRRQAZooooAKKKKAFzSUUU
AGaM0UUAGaKKKADNFFFABmiiigBKKSloAM0UUUAFFFFABRRRQAUUUUAFFFFABRRR
QAUUUUAGaKSigBc0ZoooAKM0UUAGaM0UUAFFFFABRRRQAUUUUAFGaKKACiiigAzX
N+Nrz7PoBg2E/aHCA7umDu/pXSVw3j+7fzbWz2rsx5ue+eRisq0rQZ3ZdS58TFHG
qKeKatOryT7hC0lLSH2oG31Oa8TXDNeWNkmUZm8wSewBGMUzGDVWMyXWrXl3OhVw
/lquMDaOMjP0q31rr2SieEpOpOVR9WJjtRil96XFIsTFFLRikAlOpMUtAwoxSiig
YUYpcUUDEpaXFApAIBS4opaAExS0UYoGJS0uKKACilooGJS0UUAFFFFAB3qhc/eN
X6z5zkmqiZVdirWn4d1AaV4hsr4xGUQyZ2hsZyMdfxrMqS3IF1EWOAHGT+Nax3OG
avFo+nQaKZHIk0ayRurowyrKwII9iKfXYtjwZLUKKKKBBRRRQAUUUUAFFFFABRRR
QAUUUUAFFFFABRRRQAUZoooAKKKKACiiigAooooAM0UUUAFFFFABRmiigAozRRQA
ZozRRQAUUUUAJRSUUALSUUUAFLSUUALRRmigAooooAKKKKACikooAWikpaACikoo
AWikooAWikooAWiijNABRRRQAUUUUAFFFFABRRRQAUUUlAC15V4mukvPEN1JHKZI
gQq9eMAAgZ9wa9Ou5zbWU84G4xRs4X1wM149JIZp5JSMb3LdfU5rjxctEj3sipXn
KYAU6kFLmuA+pEqKeQRQO5OCBwfepaztUmwghH8XJ+macVdmdWXLBsymJZix6nmi
lxRXQeUJS4opaAEpcUtFAWEopcUUDsFApcUUDDFAGKWikAUUYpcUDEpcUYpaB2EA
paKKAsFFFFABRRRQMKMUUtIBMUUtJ3oAKz5hg1oVQn71cTGrsVKSlorVHGz6J8Lf
8inpH/XpF/6CK165nwDqB1HwhZM0YTyF8gYOchABmulrrjseDUVpMWikpaZAUUlL
QAUUUUAFFFFABRSUUALRRRQAUUlFAC0UUUAFFFGaACijNGaACikpc0AFFGaKACij
NFABRRmigAoozRQAUUUUAFFGaTNAC0UZooAbS0lLQAUUUUAFFJS0AFFFFABRRRQA
UUUUAJS0lLQAUUUUAFFJS0AFFFJQAtFFFABRRRQAUUUUAFFFFABSUtJQAtFJRQAt
FFFAGB4vu/s2gTKs3lyykKoDYLDIyPyrzVRXYePbsG4tbLYQVXzd2fUkYx+FcgBX
mYmV56H2GT0uTD37jqKKK5j1wrBu5fNuWYEkDgZrXu5TDbswBz0FYfOck81rTXU4
8VLaKEopaMVqcdhKWgClxQAmKMUtFIYY5oxS0tAxKMc0uKMUAFLSUtAwooFGKACj
FLiigYlFLRikAUUUtACYoxS0UAJRRS0AJiilpKAEJwDVCfk1fb7pqhNVRMauxUPW
ig9aStTjPbfhhz4Nj5/5bv8AzFdnXm3wjuZpLLU7d5GMMTxmND0Utuzj64Fek11w
2PExCtUaCiiiqMQopKWgAooooAKKKKACiiigAooooAKKKKACiiigApKWigAopKWg
AoopKAFpKKKAClpKWgAoopKAFoopKAFooooASlpKKACiiigAopM0ZoAWikzRmgBa
KTNGaAFopM0ZoAWikzRmgBaKTNGaAFopM0ZoAWikzRmgBaKTNGaAFopM0ZoAWikz
RmgBaKTNGaAFopM0ZoAWikzRmgBaKTNGaAFopM0ZoAWikzUN3crZ2c1y6lkiQuwH
U4GeKT0RUY80ku55p4muWuvEFwTKJEjIRCCCAOuOPcmssUhIaRmHRiTSivIm+aTP
vsPT9nTjFdELR7d6Sg81BsZmpyZdIwCMDJ5qhUs8nmztJzgngHtUdbxVkebUlzSD
FGKWimQJRS0uKAEpcUUtACYoFLRigYUUUtAxKXFFFIAxQBS0UAJRTqSgYYopaKAE
opaKAENFLRQAlFLSUAFJTqQ0ANb7pqhNV9/u1Qm71cTGrsVD1pKU9TSVocXU9S+E
H+r1j6w/+z16bXjHwslkXxVJGHYRtbsWUHgkEYJH4n869mzwOPwrppv3Tx8Wv3rF
opM0ZrQ5haKTNGaAFopM0ZoAWikzRmgBaKTNGaAFopM0ZoAWikzRmgBaKTNGaAFp
KM0ZoAKKM0ZoAWkozRmgBaSjNGaAFpKM0ZoAKKKM0AFFGaM0ALSUZozQAtJRmjNA
BRRmigAopM0UALSUUUAFFFFAC0UlFAC0UlFABS0lFAC0UlFAC0UlFAC0UlFAC0Ul
FAC0UlFAC0UlFAC0UlFAC0UlFAC0UlFAC0UmaM0ALWF4tuZLbQJvLYAyERnIz8p4
Nbmfz9K4fx5cxvcWltz5kYZmyOMHGP5Gsq0rQZ3ZdS9riIo5IcAUtJiivJPuFoLU
F3J5VsxycngYqes7UZMssYzxyRVRV2Z1ZcsSh+dFLR2rY88MUYpaMUAFFGKKACil
xRigYUUuKKQCUtLRQAnNFLRQMKKKKACilpMUAFFFLQAlGKWigBtLRRQAlLR3ooAK
SlooAZIflqhMOtXpfu1RlPWriYVSoetFB60VqcbO1+Fv/I3Mf+nV/wCa17PXgPgu
4mg8X6b5UjJ5kyo+043KTyD7V79W9L4TysarVBaKTNFanGLRSUUALRSUZoAWikoo
AWikozQAtFJmjNAC0UmaKAFopM0ZoAWikzRmgBaKTNGaAFopM0ZoAWkozRmgBaKT
NGaAFopM0ZoAWikzRQAtJRmjNAC0lGaM0AFFGaKACikzRQAtJRRQAUtJRmgBaKSj
NAC0UmaM0ALRSUZoAWikzRmgBaKTNGaAFopM0ZoAWikzRmgBaKTNGaAFopM0ZoAW
ikzRmgBaKTNGaAFopM0ZoAWikzRmgGL+leXeIr37drc8gaNkQ+WjR9Co6HPfrXpF
9drY2U906syxKWKr3+leRAfSuPFy0UT6HI6XvSmLS0UVwH0oh7+nrWPcNvnds5Ge
D7VqXEnlwM3GccVj1pDucuIlshKKMUuK0OYMUYpaKQCUtFLQAlFLRigYnailxS4o
ATtRS4oxQAlLS0UDEopaKAEopaKAEopaKACkpaKAEopaKAGnrRSmigBKKKTvQIjl
6VSmq5LVOXrVxOeqVW602nN1ptaHJ1Nvwj/yN+k/9fKfzr6BFfOWiX6aXrdnfSIz
pbyiQqhGSB6Zr6MDZGeBntW9HY8zHfEmOopM0ZrY4RaKSjNAC0UlFAC0UlFAC0Ul
GaAFopKM0ALRSZooAWikzRQAtFJmigBaKSigBaKTNFABS0lFAC0lFFAC0UlFAC0U
lFAC0lFFABRRRQAtFJRQAUUlFAC0UlFAC0UlFAC0lFFAC0UlFAC0UlFAC0UlFAC0
lFFAC0UlFAC0UlFAC0UlFAC0UlFAC0UlFAC0UlFAC0UlFAC0UlFIDnPGV/8AZtJF
ukoWSdtpXGdyd/6V5+K6Txtd+dqkVsUwIEzuz13Y7fhXNivNxErzsfZ5VS9nh13Y
tFFFc56ZR1FjtRMDk5zVDHFT3UnmXDYJwOBUNbLY4KjvIBRRS0zMTFFLijFAwoxS
4ooATFLiiloGJiloooASilooAKKKKBhRiilpAJRilpKYBiiiigAooooAKKKKACik
paBCUlLSGgRDLVKWrkpqnJVxOeqVm602lbrSVocrCvptfuj6V8yV9NDoPpW9I87H
dB1FJRWx5wtFJRQAtFJRQAtFJRQAtFJRQAtFJRQAtFJRQAtFJRQAtFJmigBaKSig
BaKSigBaKSigBaKSigBaKSigBaKSigBaKSigBaKSigBaKTNFACUUlLQAUUUUAFFJ
S0ALSUUUALRmkooAKWkooAWjNJRQAuaKSigBaKSigBc0UlFAC0UlFAC0UlFAC0Ul
FAC0UlFAC0UlFAC5pCwUEk4A6k0VS1a6FjpVxclC4RPug4znj+tKTsrl04c8lFdT
zbV7g3WsXcvm+YnmsEbORtycYPpiqY6U0fy6U6vHk7ybPvqUOSCiFNdtiM3oKdVe
8fbBtwfmNJblzdlczmbcxJ6k5pMUtGOK2PPeomKXFFFAwoFLRQAUCilpDEopcUUA
JS0d6KACijtRQAUUUtAxMUUtFAhDRQaKACijvS0AJSGlopgJRS0lABRRRQIQ0hp1
I3SgGVpKqSVbkqnJWiOWoV2602nHrTatHK9wr6R069h1HToLy33GKVAy7hjj6etf
N9e++D/+RQ0v/rgK2pPU4McvdTN2ikorc80WikooAWkoooAWkoooAWikooAWikoo
AWikooAWikooAWkoooAWkoooAWkoooAKKKKADNFFFABRRRQAUtJRQAtJRRQAUUUU
AFFFFACUUUUALRSUlADqKbS0ALRSUUALRSUlADqKbS0ALRSUUALRSUUALRSUUALR
SUUALRSUUALRSUUALRSUUALRSUUALRSUUAFc/wCMbprfQyiqCJ5BGxPYYJ4/Kugr
iPHMhN3aRBztCElN3fPXFY13aDO/LaftMRFHJinUlLXln23QPeqF6+XCA8AZIq/W
VM2+ZmxyTiqgZVn7thlFFFaHIFFFLSGJSijFLQAnailooAKKKKBhR3oo70AFBo70
tACUdqWigBKKWkNABRRiigAoo7UUAJS0UUAJRRRQAhooopiCmseKdTH6UEvYryVU
kNWpOlVJK0ictQrt1pKVutJWhzMWvffB/wDyKGl/9cBXgVe++D/+RQ0v/rgK0pbn
DjvgRuUUlFdB5gtFJRQAtFJRQAtFJRQAtFJRQAtFJRQAtFJRQAtFJRQAtFJRQAtF
JRQAtFJRQAtFJRQAtFJRQAtFJRQAtFJRQAtFJRQAtFJRQAtFJRQAmaKKSgBaKKSg
Bc0ZpKWgAzRmiigAzRmiigApc0lFABmjNFFABmjNFFABmjNFFABmjNFFABmjNFFA
BmlzSUUALmjNJRQAuaM0lFAC5ozSUUABPfjj1rzPxNLHP4huXicMvyrkeoABH516
TJIsUbSMSAiljgdgK8lupVnvriZMlHkZlz6EmuTFv3Uj3cjheq5EdKKSiuA+o6jZ
W2xMc44rL5J5PJq9eNtiC4+8ao1cTmrPWwUUtFUYiUo60CloGJS0UUAFFFFABRRQ
aACiiloAQUUUtACUUtFAxMUUtJQAUUUUCCkopaAE7UUUUAFJS0hoASilpKYgpj96
fUchoE9itJVV+tWZKrPWkTkqEDdaSlbrTa0OZi1754P/AORQ0v8A64CvA69v+H9/
9v8ACdsvlFPsxMGSc7sAHPt1rSlucWNV4I6jNGaKK6DywzS5pKKACjNFFABRRRQA
uaTNFFABRmiigApc0lFABmiiigBc0maKKADNGaKKADNFFFABRRRQAUUUUAFGaKKA
CjNFFABmjNFFABmjNFFAC0UlFACZozRRQAZozRRQAZozSUtABRRRQAZozSUtABmj
NFFABmjNFFABmjNJRQAuaM0lFAC5ozSUtABmjNFFABmjNFFABmjNFFABmjNFFABm
jNFJQBQ1u7Flo11MyFgE24B/vHb/AFry0dK9B8Y3Sw6G8DKxNwyqCOgwQ39K8/Fe
fipe9Y+qySDVFy7sKXsaKSuU9voU7xiZAueAKr0+Vg8rMO5ptaLY45u7EopcUYoJ
ACjFLRimMSilopAJS0UtMBKKKKBhR3o70tACUUtFAhKKKKACkpaKACkpaSgA7UlL
QaACkpaKBCUhpe9BoASiiigQlRPUpqF6aJkV5KrPViSqz1ojkmQt1ptKetJWiOfq
L9P1r2H4Xf8AIqyf9fT/APoK1493r2D4Xf8AIqyf9fT/APoK1pT3OTGfwzts0Zoo
roPJDNGaKKADNGaKKADNGaKKADNGaKKADNGaKKADNGaKKADNGaKKADNGaKKADNGa
KKADNGaKKADNGaKKADNGaKKACiiigAzRmiigAzRmikoAXNFFFABmiiigBKKKSgBa
KKKACiiigAooooAKKKKACikpaACiiigAooooAKKKKACiiigAooooAKKKKACiiigA
ooooAKKKKAOP8cXKFbW02tvz5mcDbjkVx4HHtW/4yuY59aEabg0EYRsjHJ5/kawB
Xl13ebPtctgoYeItNkJWNiOwzTqguTiLGcZrJHc37pS70UuKKs5AoopaYCUtFFAw
ooo7UgCjFKegooATFBpaSgYdqKKWgQlFLRQAhopaSgBKWiimISiiigApDS96SgA7
UUUUAJRQaKBBSUtJQIRulQOambpUDmmiJld6rv0qxJ0qvJ0rVHJMgPWkpTSVaMBa
9g+F/wDyKkn/AF9P/wCgrXj9ewfC/wD5FWT/AK+n/wDQVrSnucmM/hna0UUV0Hkh
RRRQAUUUlAC0UUUAFFFFABRRRQAUUUUAFFFFABRRRQAUUUUAFFFJQAtFFFABRRRQ
AUUUUAFFFFABRRRQAUUUUAFFFFACUUmaM0ALRSUUALRSUUALRSUUALRSUUALRSUU
ALRSUUALRSUUALRSUUALRSUUALRSUUALRSUUALRSUUALRSUZoAWjt7UlGf8AJ70t
kNLWx5n4jkSXxDdvG6upK/MpyOFArNFPuv8Aj8n/AOujfzpgryZu8mz73DxUaUV5
C1VumGVXuOatVRnYtKRjpxUxLqPQjopfSirOcSilooASloooGAoxS0UCExRilooG
JS0UUAFIaWigBO1FLRQAlJSmjtQISilooASkpaKBCUUtIaYCUUUtACGkNLSUCCkN
LRQIY/Sq71O9QPVIzmV36VXerD9KrvWiOWZCaSlNJVowFr1/4Yf8irJ/19P/AOgr
XkFev/DA/wDFKyf9fT/+grWlPc5MZ/DO1opKM10Hki0UmaM0ALRSUZoAWikozQAt
FJRQAtFJmigBaKTNGaAFopM0ZoAWikozQAtFJmigBaKSjNAC0UlGaAFopKM0ALRS
ZooAWikozQAtFJRQAtFJRmgBaKTNFABRSZozQAtFJmjNAC0UmaM0ALRSZozQAtFJ
mjNAC0UmaM0AFLSZozQAtFJmjNAC0UmaM0ALRSZozQAtFJmjNAC0UmaXNABRSZoz
QAtFJmjNAC1U1NiulXpUkMIHII6/dNWqyPE1zJbaDcNE2C2EPHY8H9KmppFm2Hjz
VorzPN8k8k5PcnvThTR0pwryGfewVlYWs8klsnrV2Q4jbnHFUacTOoHeiloqjJCU
UtFABRRRQMKKO1HpQAUUGlI4oASiiigAopaQ0CCiiigBKXtRRQAhooNFABSd6Wk7
0CA0hpaSmIKKKSgApO1LRQISkNLQelAiJ6rvU7moHNUjKZA9QPU71A9aI5ZkJpKU
0lWjEK9g+GH/ACKsn/X0/wD6CteP17B8Mf8AkVZP+vp//QVrSnucmM/hnaUUlFdB
5ItFJmjNAC0UlFAC0UmaKAFopM0UALRSUUALRSUUALRSUUALRSUUALRSZooAWiko
oAWkoooAWikooAWikooAWikzRQAtFJRQAtFJRQAtFJRQAlLSZozQAtJRRmgApaSi
gAooooAWkoooAKWkzRQAtFJRQAtFJRQAtFJRQAtFJRQAtFJRQAtFJRQAtFJRQAtF
JRQwFrnfGNzHFo3kNu3ysNuPYgmuhzXJ+Of+Pey9d7fyFZV3aDO3Lo82IicaKcOt
NHSnCvKPtyK4P7sDvVWp7ggsB6VDirjsYT3Epcc0YoxTJE9aXHFLRQAncUAdaWig
BKMUtFACYpaKKAExRilooASjtRRQAUlLikIoASloooEFGKKKAENFKelJQISijvRQ
AhoopKYgNFBooEJ3pG6UpprUAyJ6gepmqB6tGEyF6gepnqF6tHNMiPWkpTSVaMeo
V6/8Mf8AkVpP+vp//QVryCvX/hj/AMitJ/19P/6CtaU9zkxn8M7SikoroPJFopKK
AFopKKAFopKKAFopKKAFopKKAFopKKAFopM0UALRSUUALRSUUALRSUUALRSUUALR
SUUALRSUUALRSUUALRSUUALRSUUALRSUUAFFJmjNAC0UlFAC0UlFAC0UlGaAFopK
KAFopKKAFopKM0ALRSUUALRSUZoAWikooAWikzRQAtFJRQAtFJRQAtFJRQAtcL41
mkOpwwbz5QiDhfQkkE/oK7nNcF4zYNrUeCDiBQcHodzVhiX7h6mTxviU/I58U6mi
lzgZrzD7DoVpjmQmmUrHLMfekq0c73CiiigQUUUtAxKKWjtQAUlLRQAlBpTR2oAS
ijtRQAUUUUCCkpaKYCGkpTRQAlFFFAgpKWigBKSlpKBBSUtIaYhDRRRQIKjapKia
gTInqF6leoXq0YSIWqF6laoWq0c0yOkpaKsyCvXfhl/yK0n/AF9P/wCgrXkX+cV7
h4JtYbXwnZGFNpmTzZOScseCefoK0pbnHjHaCOhopKK6DyhaKTNFAC0UlFAC0UlF
AC0UlGaAFopKKAFopKKAFopKM0ALRSUUALRSUUALRSUUALRSUUALRSUUALRSUUAL
RSUUALRSZooAWikooAWikooAKKSigBaKSigBaKSigBaKSigBaKSigBaKSigBaKSi
gBaKSigBaKSigBaKSigBaKSigBaKSigBaKSigBaKSigBa8y1/wD5D950/wBZ+fAr
0yvLtWuI7vVrm4j3bHfIyMVyYrSKR7eSRvVkyrSMcITRTZThCPWuBH1D2K4pO1Op
MVZgFFLRQAlFLRQAlFLRQMKKKKAEopaKBCYopaQ0DEoNKaKBCUUUUCEo7UtFMBKS
lNIaACiiigQhopaSgQlJ3pTRTENopaTvQIQ9KiapWqJqaJkRNUDVM9QtVIwmQtUL
VK1RPWiOeRHSUtJVGQte7eEf+RT0z/rgK8Jr3Xwj/wAinpn/AFwWtaW5w474EbdF
JRW55gtFJRQAtFJRQAtFJRQAtFJRQAtFJRQAtFJRQAtFJRQAtFJRQAtFJRQAtFJR
QAtFJRQAtFJRQAtFJRQAtFJRQAtFJRQAtFJRQAtFJRQAUlFFABS02loAWikooAWi
kooAWikooAWikooAWikooAWikooAWikooAWikooAWikooAWikooAWikooAWikooA
X9PrXkbj9631NerzTpbwPPK22NFLMcZwBXlDEF2I6Ek1x4t7H0ORp++/QB0qOboB
UnaopMFq4kfQyZGaD1paKoyEopaKAEpaKKQBRRRQAUUUUwEopaSgAooFFABSUtFA
CUlONIaBCUUGigQUhpaQ0wEooooEFJS0lACGkNKaQ0CA0UGimIY1RNUjVE1NGciJ
qhfpUzVC3SrRhIhaomqU1E1WjnkR0UUVRmFe6+Ev+RT0z/rgteFd6908Jf8AIp6Z
/wBcBWtLc4cd8CNuikorc8wWikooAWikooAWikooAWikooAWikooAWikooAWikoo
AWikooAWikooAWikooAWikooAWikooAWikooAWikooAWikooAWikooAWikooATNF
FFABRRRQAZozRRQAZozRRQAZozRRQAZozRRQAZozRRQAZozRRQAZozRRQAZozRRQ
AZozRRQAZozRRQAZozRRQAZozRRQBR1r/kCXv/XFv5V5iK9N1n/kCXv/AFxb+VeZ
iuHFfEfTZJdQbFqFzlzU9Vz941yI9uQnejtS0mKZAUUuKMUAJR3paMUAJRilopgF
FFFACUYpaKBCUUUGgBKKWkoAKSlooENNFLSUAFIaWkNMBDRQaKCQpKWkoADSUGkN
AgoNApGNMTGMahapWqJqpGUiJqhapWqJqpGEiJqiapWqFutWjCQyiikqjIWvdPCR
/wCKT0z/AK4CvC/xxXunhP8A5FPTOMfuBWtLc48d8CNnNGaKK3PLDNGaKKADNGaK
KADNGaKKADNGaKKADNGaKKADNGaKKADNGaKKADNGaKKADNGaKKADNGaKKADNGaKK
ADNGaKKADNGaKKADNGaKKADNGaKKADNGaKKAFzRSUUAJmjNFFABmjNFFABmjNFFA
BRmiigAooooAWjNJRQAtJRRQAZozRRQAZpc0lFAC5opKKAFopKKAFzRSUUAGaWko
oAWkoooAwfF/Ohnj/lqtcEK73xf/AMgM/wDXRa4MV52K+I+ryb/d/mxT901B2qZu
FqGudHrSClpKWmQFFFFABRRRQMKKKKAEFFLRQAlFLSUCEpaBRTEJSYpaKAEooooA
SkpTRQISg0d6KYCGkpTQaBCUlLRQIQ000pooEA6ZprU7oKjamJjGqJqkaomqkYyI
2qF6laomqkYyImqJqlaomq0YSGUlLRVGYfyr2fwHf/bvC0A8rZ9nYwk5zuwAc/rX
jFetfDT/AJFeT/r6f/0Fa0pbnHjVeB2eaM0lFdB5QuaM0lFABmlzSUUAGaXNJRQA
uaSiigAzS5pKKAFzSUUUAGaXNJRQAuaSiigAzS5pKKADNLmkooAXNJmiigAzS5pK
KADNLmkooAKKKKACjNFFAC5ozSUUALmikooATNGaKKADNGaKKACjNFFABmjNFFAB
mjNFFABmjNFFABmjNFFABmjNFFABmjNFFABmjNFFABmjNFFABmjNFFABmjNFFABm
jNFFAHN+MrpY9Phtip3TOSD2G3H+NcUK6vxv/wAuH/bT/wBlrlB1rzcQ/fZ9hlKt
h0JIflxUdSP6Uw1gj0Jbid6O1LRjimITvR2p1JigYd6T1pcUYoASilooEIaKKKAC
iiigBKKWkoEJQaWkNMQUlLSUAFJS0negBO9FHeigQU006m0xBRRRQISk70tIKBA3
SomqRqjamSyNqiapWqJqpGMiJqiapWqJqpGMiNqiapWqJqtGEhlFFFUQJ0r1H4Y3
yPpl3YhG3xS+YW7EMMf+y15d+VehfC1gLnUgThisfGf96rp/Ec2KV6bPSs0Zoorp
PHDNGaKKADNGaKKADNGaKKADNGaKKADNGaKKADNGaKKADNGaKKADNGaKKADNGaKK
ADNGaKKADNGaKKADNGaKKADNGaKKADNGaKKADNGaKKADNGaKKADNFFFACUUUUAFF
FFABRRRQAUUUUAFFFFABRRRQAUUUUAFFFFABRRRQAUUUUAFFFFABRRRQAUUUUAFF
FFAHJeNv+XD6yf8AstcoK6Pxldb76C2248pS27Oc7scfp+tc4K8zEP8AeM+zyyPL
h43Gv1FNxSn71FYnaJS0UUwCiiigAooooGFJS0UCEooooASilpKBBSGlooAQ0UUU
CEpKWigQlFHaimAlJ3paTvQIKSlpD0oEJRRRTEJR2ooPSgQw1G1PNRtTRDGGo2p5
qNqtGMiM1E1SE1E1UjGQxqiapGqJqpGMhtFFJVEC/pXU/Dz/AJGyHp/qpP5VytbX
hK8lsvE9g0QXMsywncM/KxAOPzpxdmZVleDR7jRRRXWeGFFFFABRRRQAUUUUAFFF
FABRRRQAUUUUAFFFFABRRRQAUUUUAFFFFABRRRQAUUUUAFFFFABRRRQAUUUUAFFF
FABRRRQAlFJmigBaKTNFAC0UlGaAFopM0ZoAWikzRmgBaKTNGaAFopKM0ALRSUZo
AWikozQAtFJmjNAC0UmaM0ALRSZozQAtFJmjNAC0UmaM0AcJ4t/5Dn/bJf61iDtW
34t/5Dn/AGyX+tYYry6vxs+3wH+7Q9BtFFFZHUHelo70UAJRilooATtRS9jRTEJR
R3opDCiiigBKD0oopkiUUtJQAUlLSUAJRS0lAhO1FLSUxCUnelpO9AgpD0paQ9KY
hKSlpDQIKQ0tNNAmMNManmozTRnIjNRtUhqNqtGUiNqibrUjVE3WqRhIjaozUjVG
apGUhtFFFMgKms7p7G+gu4gpkhkWVQ3QkHIz7cVDRTW4mro+hYHMkETnguobGPUV
JWX4dvn1Hw/Z3ciqrSR8henBI/pWnXWtUeDNWk0LRSUUyRaKSigBaKSjNAC0UmaM
0ALRSUUALRSZooAWikozQAtFJmjNAC0UmaM0ALRSZooAWikozQAtFJmjNAC0UmaM
0ALRSZozQAtFJmjNAC0UmaM0ALRSUUAFFGaTNAC0UmaM0ALRRmkoAWikzRmgBaKS
jNAC0UmaXNABRSZpaACikzRmgBaKM0maAFoozSZoAWikpc0AFFGaM0AFFFGaACik
ozQBwvi3/kN/9sl/rWH2q/rcjya1d73ZtshQFjnAz0qgeleTUd5Nn3ODjy0IryGg
UuKWioOgKKKKACiiigAooooATFFLSUAJRS9qSgAooooEJSUtHemISkNLRQAlJS0d
qBCUlKaSmITvQaWkNAhKQ9KWkPSmISiiigQGmGnGmGgTGGo2NPNMNUjJkZNRsaea
Y1UjJkbVE1SN1pjVSMZETVGakaozVIxkNooopkhRRSUwPXvh9fNd+GVjKBfs0hiB
B6jhv/Zq6uvPvhjfEw3mn+X91vP37uuQFxj8K9Arpg9DxcQrVWLRSUZqzAWikzRm
gBaKTNFAC0UmaM0ALRSZozQAtFJmjNAC0UmaM0ALRSUUALRSUZoAWikzRmgBaKTN
FAC0UlGaAFopM0ZoAWikozQAtFJmjNAC0UmaM0ALRSZooA//2Q=="" height=""100"" width=""100""></body></html>"
